DECLARANT,PERIOD,QUANTITY_IMPORT,QUANTITY_EXPORT,CONSUMPTION_TON,CONSUMPTION_G,CONSUMPTION_AVOCADOS,POPULATION,AVOCADO_PP,AVOCADO_PP_G
France,Jan. 2015,9239.6,1954,7285.6,7285600000,40475555.56,66456279,0.6091,109.6299719
France,Feb. 2015,8518.7,2251,6267.7,6267700000,34820555.56,66456279,0.524,94.31313481
France,Mar. 2015,10622.8,2323.5,8299.3,8299300000,46107222.22,66456279,0.6938,124.8836096
France,Apr. 2015,9505.8,1864.1,7641.7,7641700000,42453888.89,66456279,0.6388,114.9883821
France,May. 2015,9729.3,1191,8538.3,8538300000,47435000,66456279,0.7138,128.479959
France,Jun. 2015,10342,1416,8926,8926000000,49588888.89,66456279,0.7462,134.3138697
France,Jul. 2015,8972.8,1159.5,7813.3,7813300000,43407222.22,66456279,0.6532,117.5705308
France,Aug. 2015,9866.3,1131.7,8734.6,8734600000,48525555.56,66456279,0.7302,131.4337807
France,Sep. 2015,9580.4,1511.1,8069.3,8069300000,44829444.44,66456279,0.6746,121.4226875
France,Oct. 2015,8975.1,1447.6,7527.5,7527500000,41819444.44,66456279,0.6293,113.269959
France,Nov. 2015,9741.7,1298.7,8443,8443000000,46905555.56,66456279,0.7058,127.0459335
France,Dec. 2015,11302.9,1926.3,9376.6,9376600000,52092222.22,66456279,0.7839,141.0942674
France,TOTAL,116397.4,19474.5,96922.9,96922900000,538460555.6,66456279,8.1025,1458.446086
Netherlands,Jan. 2015,9076.9,14723.1,-5646.2,-5646200000,-31367777.78,16900726,-1.856,-334.0803229
Netherlands,Feb. 2015,9953,8043.2,1909.8,1909800000,10610000,16900726,0.6278,113.0010628
Netherlands,Mar. 2015,12124.5,10727.2,1397.3,1397300000,7762777.778,16900726,0.4593,82.67692169
Netherlands,Apr. 2015,16307.9,12481.3,3826.6,3826600000,21258888.89,16900726,1.2579,226.416309
Netherlands,May. 2015,23106.1,12007.9,11098.2,11098200000,61656666.67,16900726,3.6482,656.6700152
Netherlands,Jun. 2015,19034.5,13177.9,5856.6,5856600000,32536666.67,16900726,1.9252,346.5294923
Netherlands,Jul. 2015,16054,14005.3,2048.7,2048700000,11381666.67,16900726,0.6734,121.2196446
Netherlands,Aug. 2015,19288.2,10901.5,8386.7,8386700000,46592777.78,16900726,2.7569,496.2331204
Netherlands,Sep. 2015,17138.5,13291.3,3847.2,3847200000,21373333.33,16900726,1.2646,227.6351915
Netherlands,Oct. 2015,15884.5,13782.3,2102.2,2102200000,11678888.89,16900726,0.691,124.3851891
Netherlands,Nov. 2015,13713.8,17659.1,-3945.3,-3945300000,-21918333.33,16900726,-1.2969,-233.4396759
Netherlands,Dec. 2015,15654,10804.3,4849.7,4849700000,26942777.78,16900726,1.5942,286.95217
Netherlands,TOTAL,187335.9,151604.4,35731.5,35731500000,198508333.3,16900726,11.7456,2114.199118
Fr Germany,Jan. 2015,3988.2,849,3139.2,3139200000,17440000,81197537,0.2148,38.66127122
Fr Germany,Feb. 2015,3315.2,843.7,2471.5,2471500000,13730555.56,81197537,0.1691,30.43811538
Fr Germany,Mar. 2015,4569.5,944,3625.5,3625500000,20141666.67,81197537,0.2481,44.65036914
Fr Germany,Apr. 2015,4247.7,935,3312.7,3312700000,18403888.89,81197537,0.2267,40.79803554
Fr Germany,May. 2015,3805,987.2,2817.8,2817800000,15654444.44,81197537,0.1928,34.70302307
Fr Germany,Jun. 2015,4717.9,852.1,3865.8,3865800000,21476666.67,81197537,0.2645,47.60981851
Fr Germany,Jul. 2015,4006.3,513.2,3493.1,3493100000,19406111.11,81197537,0.239,43.0197778
Fr Germany,Aug. 2015,3881.3,1003.6,2877.7,2877700000,15987222.22,81197537,0.1969,35.44073018
Fr Germany,Sep. 2015,3650,922.3,2727.7,2727700000,15153888.89,81197537,0.1866,33.5933835
Fr Germany,Oct. 2015,4145.3,875.3,3270,3270000000,18166666.67,81197537,0.2237,40.27215752
Fr Germany,Nov. 2015,4222.6,960.8,3261.8,3261800000,18121111.11,81197537,0.2232,40.17116923
Fr Germany,Dec. 2015,3886,854.6,3031.4,3031400000,16841111.11,81197537,0.2074,37.33364474
Fr Germany,TOTAL,48435,10540.8,37894.2,37894200000,210523333.3,81197537,2.5927,466.6914958
Italy,Jan. 2015,680.5,75.5,605,605000000,3361111.111,60795612,0.0553,9.951376096
Italy,Feb. 2015,665.3,77.2,588.1,588100000,3267222.222,60795612,0.0537,9.673395508
Italy,Mar. 2015,941.2,90.6,850.6,850600000,4725555.556,60795612,0.0777,13.99114133
Italy,Apr. 2015,891.3,100.3,791,791000000,4394444.444,60795612,0.0723,13.01080742
Italy,May. 2015,934,96.3,837.7,837700000,4653888.889,60795612,0.0765,13.77895497
Italy,Jun. 2015,922,91.6,830.4,830400000,4613333.333,60795612,0.0759,13.65888051
Italy,Jul. 2015,928.7,58.2,870.5,870500000,4836111.111,60795612,0.0795,14.31846759
Italy,Aug. 2015,871.6,56,815.6,815600000,4531111.111,60795612,0.0745,13.41544189
Italy,Sep. 2015,1011.3,58.1,953.2,953200000,5295555.556,60795612,0.0871,15.67876313
Italy,Oct. 2015,1145.6,66.9,1078.7,1078700000,5992777.778,60795612,0.0986,17.74305685
Italy,Nov. 2015,895.9,58.5,837.4,837400000,4652222.222,60795612,0.0765,13.7740204
Italy,Dec. 2015,1101.6,92.5,1009.1,1009100000,5606111.111,60795612,0.0922,16.59823739
Italy,TOTAL,10989,921.7,10067.3,10067300000,55929444.44,60795612,0.92,165.5925431
Utd. Kingdom,Jan. 2015,4256.8,39,4217.8,4217800000,23432222.22,64875165,0.3612,65.01409284
Utd. Kingdom,Feb. 2015,4074.3,66.3,4008,4008000000,22266666.67,64875165,0.3432,61.78018969
Utd. Kingdom,Mar. 2015,5453.7,71,5382.7,5382700000,29903888.89,64875165,0.4609,82.97011653
Utd. Kingdom,Apr. 2015,5626.7,65.3,5561.4,5561400000,30896666.67,64875165,0.4762,85.72463746
Utd. Kingdom,May. 2015,7388.4,115.8,7272.6,7272600000,40403333.33,64875165,0.6228,112.101449
Utd. Kingdom,Jun. 2015,7219.2,78.2,7141,7141000000,39672222.22,64875165,0.6115,110.0729378
Utd. Kingdom,Jul. 2015,6735.3,127.6,6607.7,6607700000,36709444.44,64875165,0.5658,101.8525348
Utd. Kingdom,Aug. 2015,7635.5,272.7,7362.8,7362800000,40904444.44,64875165,0.6305,113.4918115
Utd. Kingdom,Sep. 2015,6112.3,347.9,5764.4,5764400000,32024444.44,64875165,0.4936,88.85372392
Utd. Kingdom,Oct. 2015,5536.7,252.1,5284.6,5284600000,29358888.89,64875165,0.4525,81.45798165
Utd. Kingdom,Nov. 2015,7298.5,69.3,7229.2,7229200000,40162222.22,64875165,0.6191,111.4324719
Utd. Kingdom,Dec. 2015,6127.6,183.2,5944.4,5944400000,33024444.44,64875165,0.509,91.62828333
Utd. Kingdom,TOTAL,73465,1688.4,71776.6,71776600000,398758888.9,64875165,6.1466,1106.38023
Ireland,Jan. 2015,290.9,2.1,288.8,288800000,1604444.444,4677627,0.343,61.74070741
Ireland,Feb. 2015,266.7,1.9,264.8,264800000,1471111.111,4677627,0.3145,56.6099007
Ireland,Mar. 2015,316.9,0.7,316.2,316200000,1756666.667,4677627,0.3755,67.59837841
Ireland,Apr. 2015,319.4,0,319.4,319400000,1774444.444,4677627,0.3793,68.28248597
Ireland,May. 2015,477.9,2.6,475.3,475300000,2640555.556,4677627,0.5645,101.6113512
Ireland,Jun. 2015,401,0.1,400.9,400900000,2227222.222,4677627,0.4761,85.70585042
Ireland,Jul. 2015,356.2,0.5,355.7,355700000,1976111.111,4677627,0.4225,76.04283112
Ireland,Aug. 2015,389.5,0.2,389.3,389300000,2162777.778,4677627,0.4624,83.22596051
Ireland,Sep. 2015,343.9,0.1,343.8,343800000,1910000,4677627,0.4083,73.49880613
Ireland,Oct. 2015,374.8,0.1,374.7,374700000,2081666.667,4677627,0.445,80.10471976
Ireland,Nov. 2015,435.2,0,435.2,435200000,2417777.778,4677627,0.5169,93.03862835
Ireland,Dec. 2015,378.9,0.1,378.8,378800000,2104444.444,4677627,0.4499,80.98123258
Ireland,TOTAL,4351.3,8.4,4342.9,4342900000,24127222.22,4677627,5.158,928.4408526
Denmark,Jan. 2015,1151.8,26.4,1125.4,1125400000,6252222.222,5659715,1.1047,198.8439347
Denmark,Feb. 2015,963.4,23.5,939.9,939900000,5221666.667,5659715,0.9226,166.0684328
Denmark,Mar. 2015,1160.9,30.8,1130.1,1130100000,6278333.333,5659715,1.1093,199.6743652
Denmark,Apr. 2015,1284.4,33.2,1251.2,1251200000,6951111.111,5659715,1.2282,221.0712023
Denmark,May. 2015,1125.2,27.7,1097.5,1097500000,6097222.222,5659715,1.0773,193.9143579
Denmark,Jun. 2015,1276.9,34.4,1242.5,1242500000,6902777.778,5659715,1.2196,219.5340225
Denmark,Jul. 2015,1067.2,33.8,1033.4,1033400000,5741111.111,5659715,1.0144,182.5886993
Denmark,Aug. 2015,1443,41.4,1401.6,1401600000,7786666.667,5659715,1.3758,247.6449786
Denmark,Sep. 2015,1294.6,31.6,1263,1263000000,7016666.667,5659715,1.2398,223.156113
Denmark,Oct. 2015,1183.2,27.5,1155.7,1155700000,6420555.556,5659715,1.1344,204.1975612
Denmark,Nov. 2015,1101.9,28.4,1073.5,1073500000,5963888.889,5659715,1.0537,189.6738617
Denmark,Dec. 2015,1137.7,24.6,1113.1,1113100000,6183888.889,5659715,1.0926,196.6706804
Denmark,TOTAL,14190.2,363.3,13826.9,13826900000,76816111.11,5659715,13.5724,2443.03821
Greece,Jan. 2015,37.2,80.5,-43.3,-43300000,-240555.5556,10858018,-0.0222,-3.987836454
Greece,Feb. 2015,51.7,94.4,-42.7,-42700000,-237222.2222,10858018,-0.0218,-3.93257775
Greece,Mar. 2015,137.3,96.9,40.4,40400000,224444.4444,10858018,0.0207,3.720752719
Greece,Apr. 2015,202.5,87.4,115.1,115100000,639444.4444,10858018,0.0589,10.60046134
Greece,May. 2015,327.6,86.4,241.2,241200000,1340000,10858018,0.1234,22.21399891
Greece,Jun. 2015,227.6,36.8,190.8,190800000,1060000,10858018,0.0976,17.57226779
Greece,Jul. 2015,170.6,20.4,150.2,150200000,834444.4444,10858018,0.0769,13.83309551
Greece,Aug. 2015,170.1,61.6,108.5,108500000,602777.7778,10858018,0.0555,9.992615595
Greece,Sep. 2015,153.6,43.6,110,110000000,611111.1111,10858018,0.0563,10.13076235
Greece,Oct. 2015,111.6,70.5,41.1,41100000,228333.3333,10858018,0.021,3.785221207
Greece,Nov. 2015,22.9,103.8,-80.9,-80900000,-449444.4444,10858018,-0.0414,-7.450715223
Greece,Dec. 2015,5,109.7,-104.7,-104700000,-581666.6667,10858018,-0.0536,-9.642643805
Greece,TOTAL,1617.7,892,725.7,725700000,4031666.667,10858018,0.3713,66.83540219
Portugal,Jan. 2015,56,214.6,-158.6,-158600000,-881111.1111,10374822,-0.0849,-15.28700926
Portugal,Feb. 2015,26.7,200,-173.3,-173300000,-962777.7778,10374822,-0.0928,-16.70390104
Portugal,Mar. 2015,19.5,350.6,-331.1,-331100000,-1839444.444,10374822,-0.1773,-31.91380055
Portugal,Apr. 2015,116.4,460.6,-344.2,-344200000,-1912222.222,10374822,-0.1843,-33.17647281
Portugal,May. 2015,83.5,239.5,-156,-156000000,-866666.6667,10374822,-0.0835,-15.03640255
Portugal,Jun. 2015,117.9,210.2,-92.3,-92300000,-512777.7778,10374822,-0.0494,-8.896538177
Portugal,Jul. 2015,176.7,5.8,170.9,170900000,949444.4444,10374822,0.0915,16.47257177
Portugal,Aug. 2015,126.5,2.7,123.8,123800000,687777.7778,10374822,0.0663,11.93273485
Portugal,Sep. 2015,138.5,4.4,134.1,134100000,745000,10374822,0.0718,12.92552296
Portugal,Oct. 2015,135.4,2.1,133.3,133300000,740555.5556,10374822,0.0714,12.84841321
Portugal,Nov. 2015,184.7,2.9,181.8,181800000,1010000,10374822,0.0974,17.52319221
Portugal,Dec. 2015,152.1,44.3,107.8,107800000,598888.8889,10374822,0.0577,10.39053971
Portugal,TOTAL,1333.9,1737.7,-403.8,-403800000,-2243333.333,10374822,-0.2162,-38.92114968
Spain,Jan. 2015,1839.3,9326.2,-7486.9,-7486900000,-41593888.89,46449565,-0.8955,-161.1834255
Spain,Feb. 2015,1388.8,10264.9,-8876.1,-8876100000,-49311666.67,46449565,-1.0616,-191.0911329
Spain,Mar. 2015,2742.5,12612.4,-9869.9,-9869900000,-54832777.78,46449565,-1.1805,-212.4863817
Spain,Apr. 2015,3873.5,9586.4,-5712.9,-5712900000,-31738333.33,46449565,-0.6833,-122.991464
Spain,May. 2015,7445.9,6630.8,815.1,815100000,4528333.333,46449565,0.0975,17.5480653
Spain,Jun. 2015,8468.2,6486.3,1981.9,1981900000,11010555.56,46449565,0.237,42.66778386
Spain,Jul. 2015,7763.2,5213.3,2549.9,2549900000,14166111.11,46449565,0.305,54.89610075
Spain,Aug. 2015,6912.8,3970.9,2941.9,2941900000,16343888.89,46449565,0.3519,63.3353617
Spain,Sep. 2015,6868.5,3696.1,3172.4,3172400000,17624444.44,46449565,0.3794,68.29773325
Spain,Oct. 2015,5178.1,4277.1,901,901000000,5005555.556,46449565,0.1078,19.39738295
Spain,Nov. 2015,4585.4,6073.9,-1488.5,-1488500000,-8269444.444,46449565,-0.178,-32.04551001
Spain,Dec. 2015,3922.7,7598.8,-3676.1,-3676100000,-20422777.78,46449565,-0.4397,-79.141753
Spain,TOTAL,60988.9,85737.1,-24748.2,-24748200000,-137490000,46449565,-2.96,-532.7972393
Belgium,Jan. 2015,1441.4,987,454.4,454400000,2524444.444,11237274,0.2246,40.43685328
Belgium,Feb. 2015,786.1,853,-66.9,-66900000,-371666.6667,11237274,-0.0331,-5.953401154
Belgium,Mar. 2015,1423,907.1,515.9,515900000,2866111.111,11237274,0.2551,45.90971084
Belgium,Apr. 2015,1934.1,1076.3,857.8,857800000,4765555.556,11237274,0.4241,76.33523931
Belgium,May. 2015,1555.8,982.7,573.1,573100000,3183888.889,11237274,0.2833,50.99991332
Belgium,Jun. 2015,1802,1198.7,603.3,603300000,3351666.667,11237274,0.2983,53.68739785
Belgium,Jul. 2015,1775.9,1079.5,696.4,696400000,3868888.889,11237274,0.3443,61.97232532
Belgium,Aug. 2015,2304.3,1926.4,377.9,377900000,2099444.444,11237274,0.1868,33.62915241
Belgium,Sep. 2015,1645.6,1346.4,299.2,299200000,1662222.222,11237274,0.1479,26.62567452
Belgium,Oct. 2015,2277.8,1320.3,957.5,957500000,5319444.444,11237274,0.4734,85.20749783
Belgium,Nov. 2015,1796.3,1344.7,451.6,451600000,2508888.889,11237274,0.2233,40.18768253
Belgium,Dec. 2015,1636.1,1035.4,600.7,600700000,3337222.222,11237274,0.297,53.45602501
Belgium,TOTAL,20378.4,14057.5,6320.9,6320900000,35116111.11,11237274,3.125,562.4940711
Luxembourg,Jan. 2015,25.3,1.7,23.6,23600000,131111.1111,562958,0.2329,41.9214222
Luxembourg,Feb. 2015,31.1,1.7,29.4,29400000,163333.3333,562958,0.2901,52.22414461
Luxembourg,Mar. 2015,32.7,1.7,31,31000000,172222.2222,562958,0.3059,55.06627493
Luxembourg,Apr. 2015,38.7,1.9,36.8,36800000,204444.4444,562958,0.3632,65.36899733
Luxembourg,May. 2015,28,1,27,27000000,150000,562958,0.2664,47.96094913
Luxembourg,Jun. 2015,28.5,1.6,26.9,26900000,149444.4444,562958,0.2655,47.78331598
Luxembourg,Jul. 2015,23.9,1.3,22.6,22600000,125555.5556,562958,0.223,40.14509075
Luxembourg,Aug. 2015,24.2,1.1,23.1,23100000,128333.3333,562958,0.228,41.03325648
Luxembourg,Sep. 2015,26.4,1.4,25,25000000,138888.8889,562958,0.2467,44.40828623
Luxembourg,Oct. 2015,33.3,1.2,32.1,32100000,178333.3333,562958,0.3168,57.02023952
Luxembourg,Nov. 2015,35.8,0.9,34.9,34900000,193888.8889,562958,0.3444,61.99396758
Luxembourg,Dec. 2015,30.7,1.8,28.9,28900000,160555.5556,562958,0.2852,51.33597888
Luxembourg,TOTAL,358.6,17.3,341.3,341300000,1896111.111,562958,3.3681,606.2619236
Sweden,Jan. 2015,1669.9,2.1,1667.8,1667800000,9265555.556,9747355,0.9506,171.1028274
Sweden,Feb. 2015,1723.4,2.3,1721.1,1721100000,9561666.667,9747355,0.9809,176.5709775
Sweden,Mar. 2015,2212,1.9,2210.1,2210100000,12278333.33,9747355,1.2597,226.7384331
Sweden,Apr. 2015,1531.2,1.5,1529.7,1529700000,8498333.333,9747355,0.8719,156.9348813
Sweden,May. 2015,1366.3,0,1366.3,1366300000,7590555.556,9747355,0.7787,140.1713593
Sweden,Jun. 2015,1227.6,0,1227.6,1227600000,6820000,9747355,0.6997,125.9418581
Sweden,Jul. 2015,1304.7,1.4,1303.3,1303300000,7240555.556,9747355,0.7428,133.7080675
Sweden,Aug. 2015,1355.7,25.3,1330.4,1330400000,7391111.111,9747355,0.7583,136.4883089
Sweden,Sep. 2015,1349.4,6,1343.4,1343400000,7463333.333,9747355,0.7657,137.822004
Sweden,Oct. 2015,1213,17.5,1195.5,1195500000,6641666.667,9747355,0.6814,122.648657
Sweden,Nov. 2015,1325.8,11,1314.8,1314800000,7304444.444,9747355,0.7494,134.8878747
Sweden,Dec. 2015,1599.5,10.7,1588.8,1588800000,8826666.667,9747355,0.9055,162.9980646
Sweden,TOTAL,17878.5,79.7,17798.8,17798800000,98882222.22,9747355,10.1445,1826.013313
Finland,Jan. 2015,579.8,1.9,577.9,577900000,3210555.556,5471753,0.5868,105.6151475
Finland,Feb. 2015,730,4,726,726000000,4033333.333,5471753,0.7371,132.6814277
Finland,Mar. 2015,831.9,5.6,826.3,826300000,4590555.556,5471753,0.839,151.0119335
Finland,Apr. 2015,654.4,6.2,648.2,648200000,3601111.111,5471753,0.6581,118.4629496
Finland,May. 2015,664.4,4.6,659.8,659800000,3665555.556,5471753,0.6699,120.5829284
Finland,Jun. 2015,556.4,4.2,552.2,552200000,3067777.778,5471753,0.5607,100.918298
Finland,Jul. 2015,568.4,3.6,564.8,564800000,3137777.778,5471753,0.5735,103.2210336
Finland,Aug. 2015,531.6,3.7,527.9,527900000,2932777.778,5471753,0.536,96.47730809
Finland,Sep. 2015,607.5,3.4,604.1,604100000,3356111.111,5471753,0.6134,110.4033753
Finland,Oct. 2015,605,4.8,600.2,600200000,3334444.444,5471753,0.6094,109.6906238
Finland,Nov. 2015,577.6,3.4,574.2,574200000,3190000,5471753,0.583,104.9389474
Finland,Dec. 2015,584.8,4.3,580.5,580500000,3225000,5471753,0.5894,106.0903151
Finland,TOTAL,7491.8,49.7,7442.1,7442100000,41345000,5471753,7.5561,1360.094288
Austria,Jan. 2015,413.7,71.3,342.4,342400000,1902222.222,8584926,0.2216,39.88386155
Austria,Feb. 2015,452.9,54.5,398.4,398400000,2213333.333,8584926,0.2578,46.40692302
Austria,Mar. 2015,586.2,69.1,517.1,517100000,2872777.778,8584926,0.3346,60.23348367
Austria,Apr. 2015,517.3,54.5,462.8,462800000,2571111.111,8584926,0.2995,53.90844371
Austria,May. 2015,590.7,80.1,510.6,510600000,2836666.667,8584926,0.3304,59.4763426
Austria,Jun. 2015,515.8,53.4,462.4,462400000,2568888.889,8584926,0.2992,53.86185041
Austria,Jul. 2015,555.8,58.8,497,497000000,2761111.111,8584926,0.3216,57.89217053
Austria,Aug. 2015,428.4,52.9,375.5,375500000,2086111.111,8584926,0.243,43.73945681
Austria,Sep. 2015,436.5,77,359.5,359500000,1997222.222,8584926,0.2326,41.87572496
Austria,Oct. 2015,410.8,65.2,345.6,345600000,1920000,8584926,0.2236,40.25660792
Austria,Nov. 2015,409.9,93.5,316.4,316400000,1757777.778,8584926,0.2048,36.8552973
Austria,Dec. 2015,492.2,109,383.2,383200000,2128888.889,8584926,0.248,44.63637776
Austria,TOTAL,5810.2,839.3,4970.9,4970900000,27616111.11,8584926,3.2168,579.0265402
Malta,Jan. 2015,13.4,0,13.4,13400000,74444.44444,439691,0.1693,30.47594788
Malta,Feb. 2015,13.1,0,13.1,13100000,72777.77778,439691,0.1655,29.79365054
Malta,Mar. 2015,18.6,0,18.6,18600000,103333.3333,439691,0.235,42.30243512
Malta,Apr. 2015,29.7,0,29.7,29700000,165000,439691,0.3753,67.54743672
Malta,May. 2015,34.2,0,34.2,34200000,190000,439691,0.4321,77.78189683
Malta,Jun. 2015,37.7,0,37.7,37700000,209444.4444,439691,0.4763,85.74203247
Malta,Jul. 2015,38.4,0,38.4,38400000,213333.3333,439691,0.4852,87.3340596
Malta,Aug. 2015,30.5,0,30.5,30500000,169444.4444,439691,0.3854,69.3668963
Malta,Sep. 2015,29.3,0,29.3,29300000,162777.7778,439691,0.3702,66.63770694
Malta,Oct. 2015,23.4,0,23.4,23400000,130000,439691,0.2957,53.21919257
Malta,Nov. 2015,26.5,0,26.5,26500000,147222.2222,439691,0.3348,60.26959842
Malta,Dec. 2015,16.5,0,16.5,16500000,91666.66667,439691,0.2085,37.52635373
Malta,TOTAL,311.3,1,310.3,310300000,1723888.889,439691,3.9207,705.7228827
Estonia,Jan. 2015,80.8,0,80.8,80800000,448888.8889,1314870,0.3414,61.45094192
Estonia,Feb. 2015,91.8,0,91.8,91800000,510000,1314870,0.3879,69.81678797
Estonia,Mar. 2015,117.4,0.1,117.3,117300000,651666.6667,1314870,0.4956,89.21034019
Estonia,Apr. 2015,94.7,0.2,94.5,94500000,525000,1314870,0.3993,71.87022291
Estonia,May. 2015,105.3,0.2,105.1,105100000,583888.8889,1314870,0.4441,79.93185638
Estonia,Jun. 2015,80.3,0.4,79.9,79900000,443888.8889,1314870,0.3376,60.7664636
Estonia,Jul. 2015,58.9,0.8,58.1,58100000,322777.7778,1314870,0.2455,44.18687779
Estonia,Aug. 2015,56.4,0.8,55.6,55600000,308888.8889,1314870,0.2349,42.28554914
Estonia,Sep. 2015,67.7,0.8,66.9,66900000,371666.6667,1314870,0.2827,50.87955463
Estonia,Oct. 2015,64,0.8,63.2,63200000,351111.1111,1314870,0.267,48.06558823
Estonia,Nov. 2015,89.8,0.2,89.6,89600000,497777.7778,1314870,0.3786,68.14361876
Estonia,Dec. 2015,107.7,0.1,107.6,107600000,597777.7778,1314870,0.4546,81.83318503
Estonia,TOTAL,1014.8,4.4,1010.4,1010400000,5613333.333,1314870,4.2691,768.4409866
Latvia,Jan. 2015,225.5,81.5,144,144000000,800000,1986096,0.4028,72.50404814
Latvia,Feb. 2015,230.7,84,146.7,146700000,815000,1986096,0.4104,73.86349905
Latvia,Mar. 2015,290.7,105.8,184.9,184900000,1027222.222,1986096,0.5172,93.09721182
Latvia,Apr. 2015,235,76.6,158.4,158400000,880000,1986096,0.4431,79.75445296
Latvia,May. 2015,237.9,80.2,157.7,157700000,876111.1111,1986096,0.4411,79.40200272
Latvia,Jun. 2015,189.6,66.5,123.1,123100000,683888.8889,1986096,0.3443,61.98089116
Latvia,Jul. 2015,122.3,51.2,71.1,71100000,395000,1986096,0.1989,35.79887377
Latvia,Aug. 2015,122.6,34.9,87.7,87700000,487222.2222,1986096,0.2453,44.15697932
Latvia,Sep. 2015,120.4,43.9,76.5,76500000,425000,1986096,0.214,38.51777558
Latvia,Oct. 2015,175.7,53.9,121.8,121800000,676666.6667,1986096,0.3407,61.32634072
Latvia,Nov. 2015,247.6,74,173.6,173600000,964444.4444,1986096,0.4856,87.40765804
Latvia,Dec. 2015,223.9,71.8,152.1,152100000,845000,1986096,0.4255,76.58240085
Latvia,TOTAL,2421.9,824.3,1597.6,1597600000,8875555.556,1986096,4.4688,804.3921341
Lithuania,Jan. 2015,260.7,60.8,199.9,199900000,1110555.556,2921262,0.3802,68.42932952
Lithuania,Feb. 2015,177.9,57.3,120.6,120600000,670000,2921262,0.2294,41.28352746
Lithuania,Mar. 2015,256.2,75.7,180.5,180500000,1002777.778,2921262,0.3433,61.78836407
Lithuania,Apr. 2015,278.9,106.3,172.6,172600000,958888.8889,2921262,0.3282,59.0840534
Lithuania,May. 2015,320.6,131,189.6,189600000,1053333.333,2921262,0.3606,64.90345611
Lithuania,Jun. 2015,319.5,194,125.5,125500000,697222.2222,2921262,0.2387,42.96088471
Lithuania,Jul. 2015,320.4,217.1,103.3,103300000,573888.8889,2921262,0.1965,35.36142941
Lithuania,Aug. 2015,204.6,98.4,106.2,106200000,590000,2921262,0.202,36.35415105
Lithuania,Sep. 2015,220,144.1,75.9,75900000,421666.6667,2921262,0.1443,25.98192151
Lithuania,Oct. 2015,351,170.5,180.5,180500000,1002777.778,2921262,0.3433,61.78836407
Lithuania,Nov. 2015,280.5,105.6,174.9,174900000,971666.6667,2921262,0.3326,59.87138435
Lithuania,Dec. 2015,225.3,80.1,145.2,145200000,806666.6667,2921262,0.2761,49.7045455
Lithuania,TOTAL,3215.6,1440.9,1774.7,1774700000,9859444.444,2921262,3.3751,607.5114112
Poland,Jan. 2015,742.4,34.2,708.2,708200000,3934444.444,38005614,0.1035,18.63408916
Poland,Feb. 2015,656,42.2,613.8,613800000,3410000,38005614,0.0897,16.15024559
Poland,Mar. 2015,868.6,33.7,834.9,834900000,4638333.333,38005614,0.122,21.96780718
Poland,Apr. 2015,868.9,42.7,826.2,826200000,4590000,38005614,0.1208,21.73889363
Poland,May. 2015,908.8,103.2,805.6,805600000,4475555.556,38005614,0.1178,21.19686844
Poland,Jun. 2015,554.3,56.1,498.2,498200000,2767777.778,38005614,0.0728,13.10858969
Poland,Jul. 2015,532.7,70.2,462.5,462500000,2569444.444,38005614,0.0676,12.16925478
Poland,Aug. 2015,652.2,71.7,580.5,580500000,3225000,38005614,0.0849,15.27405925
Poland,Sep. 2015,709.8,98.7,611.1,611100000,3395000,38005614,0.0893,16.07920346
Poland,Oct. 2015,859.5,80.3,779.2,779200000,4328888.889,38005614,0.1139,20.50223422
Poland,Nov. 2015,1002.7,107.9,894.8,894800000,4971111.111,38005614,0.1308,23.54389012
Poland,Dec. 2015,914,124.5,789.5,789500000,4386111.111,38005614,0.1154,20.77324682
Poland,TOTAL,9269.9,865.4,8404.5,8404500000,46691666.67,38005614,1.2285,221.1383823
Czech Republic,Jan. 2015,248.1,48.3,199.8,199800000,1110000,10538275,0.1053,18.95945968
Czech Republic,Feb. 2015,199.9,50.7,149.2,149200000,828888.8889,10538275,0.0787,14.15791484
Czech Republic,Mar. 2015,229.6,47,182.6,182600000,1014444.444,10538275,0.0963,17.32731401
Czech Republic,Apr. 2015,189.9,32.9,157,157000000,872222.2222,10538275,0.0828,14.89807393
Czech Republic,May. 2015,216.4,35,181.4,181400000,1007777.778,10538275,0.0956,17.21344338
Czech Republic,Jun. 2015,182.4,31.4,151,151000000,838888.8889,10538275,0.0796,14.32872078
Czech Republic,Jul. 2015,147.3,22.6,124.7,124700000,692777.7778,10538275,0.0657,11.83305617
Czech Republic,Aug. 2015,131.3,28.5,102.8,102800000,571111.1111,10538275,0.0542,9.754917195
Czech Republic,Sep. 2015,182.4,32.6,149.8,149800000,832222.2222,10538275,0.079,14.21485015
Czech Republic,Oct. 2015,186,44.6,141.4,141400000,785555.5556,10538275,0.0745,13.41775575
Czech Republic,Nov. 2015,254.1,48.5,205.6,205600000,1142222.222,10538275,0.1084,19.50983439
Czech Republic,Dec. 2015,297.5,64,233.5,233500000,1297222.222,10538275,0.1231,22.15732651
Czech Republic,TOTAL,2464.9,486.1,1978.8,1978800000,10993333.33,10538275,1.0432,187.7726668
Slovakia,Jan. 2015,94.2,0.2,94,94000000,522222.2222,5421349,0.0963,17.33885791
Slovakia,Feb. 2015,65.1,0.3,64.8,64800000,360000,5421349,0.0664,11.9527446
Slovakia,Mar. 2015,80.5,0.3,80.2,80200000,445555.5556,5421349,0.0822,14.79336601
Slovakia,Apr. 2015,66.2,0.3,65.9,65900000,366111.1111,5421349,0.0675,12.15564613
Slovakia,May. 2015,52.9,0.3,52.6,52600000,292222.2222,5421349,0.0539,9.702382193
Slovakia,Jun. 2015,49.1,0.2,48.9,48900000,271666.6667,5421349,0.0501,9.019895233
Slovakia,Jul. 2015,36.7,0.2,36.5,36500000,202777.7778,5421349,0.0374,6.732641636
Slovakia,Aug. 2015,39.2,0.2,39,39000000,216666.6667,5421349,0.04,7.193781474
Slovakia,Sep. 2015,47.2,0.2,47,47000000,261111.1111,5421349,0.0482,8.669428956
Slovakia,Oct. 2015,73.1,0.2,72.9,72900000,405000,5421349,0.0747,13.44683768
Slovakia,Nov. 2015,151.8,0.2,151.6,151600000,842222.2222,5421349,0.1554,27.96351978
Slovakia,Dec. 2015,185.5,0.4,185.1,185100000,1028333.333,5421349,0.1897,34.14279361
Slovakia,TOTAL,941.5,3,938.5,938500000,5213888.889,5421349,0.9617,173.1118952
Hungary,Jan. 2015,188.5,19.6,168.9,168900000,938333.3333,9855571,0.0952,17.13751542
Hungary,Feb. 2015,195.4,18.6,176.8,176800000,982222.2222,9855571,0.0997,17.93909252
Hungary,Mar. 2015,265.1,12.7,252.4,252400000,1402222.222,9855571,0.1423,25.60988095
Hungary,Apr. 2015,130.3,5.7,124.6,124600000,692222.2222,9855571,0.0702,12.64259575
Hungary,May. 2015,162.8,14,148.8,148800000,826666.6667,9855571,0.0839,15.09805977
Hungary,Jun. 2015,141.1,9,132.1,132100000,733888.8889,9855571,0.0745,13.40358666
Hungary,Jul. 2015,83,19.1,63.9,63900000,355000,9855571,0.036,6.483642602
Hungary,Aug. 2015,65.4,11.6,53.8,53800000,298888.8889,9855571,0.0303,5.458841502
Hungary,Sep. 2015,88.3,13.2,75.1,75100000,417222.2222,9855571,0.0423,7.620055703
Hungary,Oct. 2015,169.4,14.1,155.3,155300000,862777.7778,9855571,0.0875,15.75758523
Hungary,Nov. 2015,178.8,44.2,134.6,134600000,747777.7778,9855571,0.0759,13.6572503
Hungary,Dec. 2015,94.8,12.2,82.6,82600000,458888.8889,9855571,0.0466,8.381046618
Hungary,TOTAL,1762.9,194,1568.9,1568900000,8716111.111,9855571,0.8844,159.189153
Romania,Jan. 2015,306.8,2.9,303.9,303900000,1688333.333,19870647,0.085,15.29391569
Romania,Feb. 2015,275.9,2.3,273.6,273600000,1520000,19870647,0.0765,13.76905342
Romania,Mar. 2015,295.6,2.8,292.8,292800000,1626666.667,19870647,0.0819,14.73530278
Romania,Apr. 2015,209.4,4.4,205,205000000,1138888.889,19870647,0.0573,10.31672497
Romania,May. 2015,226.6,3.3,223.3,223300000,1240555.556,19870647,0.0624,11.23768139
Romania,Jun. 2015,227.5,0,227.5,227500000,1263888.889,19870647,0.0636,11.44904844
Romania,Jul. 2015,128.4,0,128.4,128400000,713333.3333,19870647,0.0359,6.461792613
Romania,Aug. 2015,161.1,0,161.1,161100000,895000,19870647,0.045,8.107436059
Romania,Sep. 2015,128.2,0.1,128.1,128100000,711666.6667,19870647,0.0358,6.446694967
Romania,Oct. 2015,250.4,0,250.4,250400000,1391111.111,19870647,0.07,12.60150211
Romania,Nov. 2015,401,0.1,400.9,400900000,2227222.222,19870647,0.1121,20.17548799
Romania,Dec. 2015,401.6,1,400.6,400600000,2225555.556,19870647,0.112,20.16039035
Romania,TOTAL,3012.5,16.9,2995.6,2995600000,16642222.22,19870647,0.8375,150.7550308
Bulgaria,Jan. 2015,104.2,0.4,103.8,103800000,576666.6667,7202198,0.0801,14.41226692
Bulgaria,Feb. 2015,79.2,1.1,78.1,78100000,433888.8889,7202198,0.0602,10.84391182
Bulgaria,Mar. 2015,88.8,8.5,80.3,80300000,446111.1111,7202198,0.0619,11.14937412
Bulgaria,Apr. 2015,64.1,2.8,61.3,61300000,340555.5556,7202198,0.0473,8.511290581
Bulgaria,May. 2015,66.3,1.4,64.9,64900000,360555.5556,7202198,0.0501,9.011137989
Bulgaria,Jun. 2015,64.9,1.5,63.4,63400000,352222.2222,7202198,0.0489,8.802868236
Bulgaria,Jul. 2015,55.9,0.5,55.4,55400000,307777.7778,7202198,0.0427,7.692096218
Bulgaria,Aug. 2015,57.1,4.5,52.6,52600000,292222.2222,7202198,0.0406,7.303326012
Bulgaria,Sep. 2015,35,0.6,34.4,34400000,191111.1111,7202198,0.0265,4.776319674
Bulgaria,Oct. 2015,64.4,0.6,63.8,63800000,354444.4444,7202198,0.0492,8.858406836
Bulgaria,Nov. 2015,88.5,1.6,86.9,86900000,482777.7778,7202198,0.067,12.06576104
Bulgaria,Dec. 2015,82.6,2.4,80.2,80200000,445555.5556,7202198,0.0619,11.13548947
Bulgaria,TOTAL,851,25.9,825.1,825100000,4583888.889,7202198,0.6365,114.5622489
Slovenia,Jan. 2015,270.5,222,48.5,48500000,269444.4444,2062874,0.1306,23.51088821
Slovenia,Feb. 2015,252.9,204.2,48.7,48700000,270555.5556,2062874,0.1312,23.60784032
Slovenia,Mar. 2015,244.5,204.6,39.9,39900000,221666.6667,2062874,0.1075,19.34194721
Slovenia,Apr. 2015,96.9,37.5,59.4,59400000,330000,2062874,0.16,28.79477855
Slovenia,May. 2015,63.1,13.1,50,50000000,277777.7778,2062874,0.1347,24.23802908
Slovenia,Jun. 2015,71.3,16.7,54.6,54600000,303333.3333,2062874,0.147,26.46792776
Slovenia,Jul. 2015,43.5,14.3,29.2,29200000,162222.2222,2062874,0.0786,14.15500898
Slovenia,Aug. 2015,38.5,12.5,26,26000000,144444.4444,2062874,0.07,12.60377512
Slovenia,Sep. 2015,61.6,24.9,36.7,36700000,203888.8889,2062874,0.0988,17.79071334
Slovenia,Oct. 2015,291.8,230.4,61.4,61400000,341111.1111,2062874,0.1654,29.76429971
Slovenia,Nov. 2015,411.7,388.3,23.4,23400000,130000,2062874,0.063,11.34339761
Slovenia,Dec. 2015,633.4,584.6,48.8,48800000,271111.1111,2062874,0.1314,23.65631638
Slovenia,TOTAL,2479.7,1953.1,526.6,526600000,2925555.556,2062874,1.4182,255.2749223
Croatia,Jan. 2015,40.2,0.3,39.9,39900000,221666.6667,4225316,0.0525,9.443080707
Croatia,Feb. 2015,35.6,0.1,35.5,35500000,197222.2222,4225316,0.0467,8.401738474
Croatia,Mar. 2015,43.2,0,43.2,43200000,240000,4225316,0.0568,10.22408738
Croatia,Apr. 2015,35.2,0.1,35.1,35100000,195000,4225316,0.0462,8.307070998
Croatia,May. 2015,27.8,0,27.8,27800000,154444.4444,4225316,0.0366,6.579389565
Croatia,Jun. 2015,28.8,0.1,28.7,28700000,159444.4444,4225316,0.0377,6.792391386
Croatia,Jul. 2015,45.5,0,45.5,45500000,252777.7778,4225316,0.0598,10.76842537
Croatia,Aug. 2015,41.4,0,41.4,41400000,230000,4225316,0.0544,9.798083741
Croatia,Sep. 2015,29.5,0,29.5,29500000,163888.8889,4225316,0.0388,6.981726337
Croatia,Oct. 2015,22.6,0.1,22.5,22500000,125000,4225316,0.0296,5.325045511
Croatia,Nov. 2015,37.6,0.4,37.2,37200000,206666.6667,4225316,0.0489,8.804075245
Croatia,Dec. 2015,31.5,0.2,31.3,31300000,173888.8889,4225316,0.0412,7.407729978
Croatia,TOTAL,418.9,1.3,417.6,417600000,2320000,4225316,0.5491,98.83284469
Cyprus,Jan. 2015,6.5,0,6.5,6500000,36111.11111,847008,0.0426,7.674071555
Cyprus,Feb. 2015,5.3,0,5.3,5300000,29444.44444,847008,0.0348,6.257319884
Cyprus,Mar. 2015,10.3,0,10.3,10300000,57222.22222,847008,0.0676,12.16045185
Cyprus,Apr. 2015,12,0,12,12000000,66666.66667,847008,0.0787,14.16751672
Cyprus,May. 2015,26.4,0,26.4,26400000,146666.6667,847008,0.1732,31.16853678
Cyprus,Jun. 2015,49.4,0,49.4,49400000,274444.4444,847008,0.324,58.32294382
Cyprus,Jul. 2015,61.3,0,61.3,61300000,340555.5556,847008,0.4021,72.3723979
Cyprus,Aug. 2015,72.5,0,72.5,72500000,402777.7778,847008,0.4755,85.5954135
Cyprus,Sep. 2015,50.4,0,50.4,50400000,280000,847008,0.3306,59.50357021
Cyprus,Oct. 2015,5.8,0,5.8,5800000,32222.22222,847008,0.038,6.84763308
Cyprus,Nov. 2015,9.6,0,9.6,9600000,53333.33333,847008,0.063,11.33401337
Cyprus,Dec. 2015,7.9,0,7.9,7900000,43888.88889,847008,0.0518,9.326948506
Cyprus,TOTAL,317.4,0,317.4,317400000,1763333.333,847008,2.0818,374.7308172
